"country_name","cow_code","independence","labor_workinjury_firstlaw","labor_workinjury_firstlaw_sspw","labor_workinjury_firstins","labor_workinjury_first_fund","labor_workinjury_first_socins","labor_workinjury_firstnat","labor_workinjury_firstnat_carriedover","labor_workinjury_firstlaw_programtype","labor_workinjury_firstlaw_bluecollar_fullcoverage","gdpi","gdp_7yr_rate","gdp_7yr_a","startgdp","indep20","insur20","first20","indus20","first20indus","insur20indus","ht_colonial","fcolony","slavery","commst","first2full","scut","polity2i_first","polity2i_risk","noslave","abol"
"United States of America",2,1783,1908,1908,1916,1916,1956,1908,"no","Employer liability",NA,6970,0.0212338593974175,6822,4866,1,1,1,1,1,1,0,0,1,0,NA,NA,10,NA,0,1865
"Puerto Rico",6,1953,1928,NA,1935,NA,1935,1953,"yes","Employer liability",1928,3808.76,0.0779623814574824,3511.82,1772.6,0,0,0,1,0,0,2,1,1,0,25,1953,-6,2,0,1873
"Canada",20,1841,1918,1908,1918,1918,1949,1918,"no","Risk-Pooling",1949,7250,0.0940689655172414,6568,3040,1,1,1,1,1,1,0,0,0,0,31,1949,9,10,1,1834
"Bahamas",31,1973,1943,1943,1972,NA,1972,1973,"yes","Employer liability",1972,4157.91666666667,0.100310652369977,3740.83333333333,2191.66666666667,0,0,0,1,0,0,5,1,1,0,30,1973,-10,-10,0,1973
"Cuba",40,1902,1916,1916,1940,NA,1940,1916,"no","Employer liability",1916,3276,0.0805860805860806,3012,1830.63157894737,1,0,1,1,1,0,2,1,1,1,24,1940,3,3,0,1886
"Haiti",41,1859,1943,1951,1951,NA,1951,1943,"no","Risk-Pooling",1951,2595.50588235294,0.0680905456490403,2418.77647058824,1257.41176470588,1,0,0,1,0,0,6,1,1,0,8,1951,0,-4,0,1804
"Dominican Republic",42,1844,1932,1932,1932,NA,1932,1932,"no","Employer liability",1932,1244.32,0.130850585058506,1081.5,732.6,1,0,0,1,0,0,2,1,1,0,0,1932,-5,-5,0,1956
"Jamaica",51,1962,1937,1938,1965,1947,1965,1962,"yes","Employer liability",1938,1474.4,0.235282148670646,1127.5,865,0,0,0,1,0,0,5,1,1,0,28,1965,-10,10,0,1834
"Trinidad and Tobago",52,1962,1926,1960,1971,NA,1971,1962,"yes","Employer liability",1926,3121.6,0.18298308559713,2550.4,1816,0,0,0,1,0,0,5,1,1,0,40,1971,-10,8,0,1963
"Barbados",53,1966,1916,1916,1943,NA,1943,1966,"yes","Employer liability",1966,2265.83333333333,0.209819786686282,1790.41666666667,1858.33333333333,0,0,1,1,1,0,5,1,1,0,40,1966,-10,-10,0,1967
"Dominica",54,1967,1938,1938,1976,1976,1985,1967,"yes","Employer liability",1938,1947.04,0.136905251047744,1680.48,375.25,0,0,0,1,0,0,5,1,1,0,38,1976,-10,8,0,1978
"Grenada",55,1967,1966,1982,1966,1966,1983,1966,"no","Risk-Pooling",1983,2027,0.0463739516526887,1933,732.6,0,0,0,1,0,0,5,1,1,1,17,1983,-10,8,0,1973
"St. Lucia",56,1967,1964,1964,1970,1970,1978,1967,"yes","Employer liability",1978,3041,0.221966458401842,2366,793.6,0,0,0,1,0,0,5,1,1,0,14,1978,-10,8,0,1980
"St. Vincent and the Grenadines",57,1967,1939,1939,1970,1970,1986,1967,"yes","Employer liability",1970,1407.14,0.115709879613969,1244.32,732.6,0,0,0,1,0,0,5,1,1,0,31,1970,-10,8,0,1982
"Antigua & Barbuda",58,1967,1937,1956,1970,1970,1972,1967,"yes","Employer liability",1967,4019.2,0.142117834394904,3448,1816,0,0,0,1,0,0,5,1,1,0,33,1970,-10,7,0,1975
"St. Kitts and Nevis",60,1967,1937,1955,1968,1968,1985,1967,"yes","Employer liability",1955,4019.2,0.142117834394904,3448,1816,0,0,0,1,0,0,5,1,1,0,31,1968,-10,-10,0,1982
"Mexico",70,1821,1931,1931,1931,NA,1931,1931,"no","Risk-Pooling",1931,1711,-0.112799532437171,1904,986.5,1,0,0,1,0,0,2,1,1,0,0,1931,-3,-3,0,1829
"Belize",80,1964,1979,1979,1979,NA,1979,1979,"no","Risk-Pooling",1979,4657,-0.353231694223749,6302,964.923076923077,0,0,0,1,0,0,5,1,1,0,0,1979,7,7,0,1838
"Guatemala",90,1868,1906,1906,1906,NA,1906,1906,"no","Risk-Pooling",1906,1113.33333333333,0.0838323353293414,1020,900,1,1,1,1,1,1,2,1,1,0,0,1906,-9,-9,0,1982
"Honduras",91,1899,1959,1959,1971,NA,1971,1959,"no","Employer liability",1971,1905,-0.0377952755905512,1977,1141,1,0,0,1,0,0,2,1,1,0,12,1971,-1,-1,0,1957
"El Salvador",92,1875,1911,1911,1953,1953,2012,1911,"no","Employer liability",1953,729.45,0.137066739781114,629.466666666667,429.5,1,0,1,0,0,0,2,1,1,0,40,1953,-6,-6,0,1982
"Nicaragua",93,1900,1930,1930,1930,NA,1930,1930,"no","Risk-Pooling",1930,1522,0.105124835742444,1362,680.5,1,0,0,1,0,0,2,1,1,0,0,1930,-3,-3,0,1824
"Costa Rica",94,1920,1925,1925,1925,NA,1925,1925,"no","Risk-Pooling",1925,2422,0.0247729149463254,2362,2362,1,0,0,1,0,0,2,1,1,0,0,1925,10,10,0,1960
"Panama",95,1903,1916,1916,1916,NA,1916,1916,"no","Risk-Pooling",1943,2323,0.0835126990959966,2129,1541.95652173913,1,1,1,1,1,1,2,1,1,0,27,1943,-3,-3,0,1966
"Colombia",100,1831,1915,1915,1949,NA,1949,1915,"no","Employer liability",1915,1224,0.175653594771242,1009,985,1,0,1,1,1,0,2,1,1,0,34,1949,-5,5,0,1821
"Venezuela",101,1841,1928,1923,1980,NA,1966,1928,"no","Employer liability",1966,1373,0.355426074289876,885,1032,1,0,0,1,0,0,2,1,1,0,40,1980,-9,9,0,1817
"Guyana",110,1966,1916,1916,1969,NA,1969,1966,"yes","Employer liability",1969,684.163265306122,0.117766376327407,603.591836734694,615.102040816327,0,0,1,0,0,0,5,1,1,0,40,1969,-10,2,0,1966
"Suriname",115,1954,1947,1947,1947,NA,1947,1954,"yes","Risk-Pooling",1947,1879.92,0.109323801012809,1674.4,793.6,0,0,0,1,0,0,1,1,1,0,7,1954,-10,-10,0,1863
"Ecuador",130,1854,1921,1921,1938,1938,2001,1921,"no","Employer liability",1938,1394,0.093974175035868,1263,624,1,0,1,1,1,0,2,1,1,0,17,1938,-3,-1,0,1821
"Peru",135,1839,1911,1911,1936,NA,1936,1911,"no","Employer liability",1911,878,0.176537585421412,723,479,1,0,1,0,0,0,2,1,1,0,25,1936,2,2,0,1854
"Brazil",140,1822,1919,1919,1919,1934,1944,1919,"no","Risk-Pooling",1934,799,0.0963704630788486,722,734,1,1,1,0,0,0,7,1,1,0,15,1934,-3,-6,0,1888
"Bolivia",145,1848,1924,1924,1935,1935,1956,1924,"no","Employer liability",1939,1122,0.0570409982174688,1058,711.829268292683,1,0,0,1,0,0,2,1,1,0,15,1939,2,-5,0,1831
"Paraguay",150,1846,1927,1927,1943,NA,1943,1927,"no","Employer liability",1943,1324.03797468354,0.104398703620493,1185.81012658228,593.405063291139,1,0,0,1,0,0,2,1,1,0,16,1943,-3,-9,0,1847
"Chile",155,1839,1916,1916,1968,NA,1968,1916,"no","Employer liability",1916,3442,0.121731551423591,3023,1808,1,0,1,1,1,0,2,1,0,0,40,1968,3,6,1,1823
"Argentina",160,1841,1915,1915,1916,1916,1996,1915,"no","Employer liability",1915,5556,-0.127609791216703,6265,2748,1,1,1,1,1,1,2,1,1,0,1,1916,2,2,0,1813
"Uruguay",165,1882,1920,1914,1920,1920,1934,1920,"no","Risk-Pooling",1920,3200,-0.35125,4324,3070,1,1,1,1,1,1,2,1,1,0,0,1920,2,2,0,1842
"United Kingdom",200,1816,1880,1897,1934,NA,1934,1880,"no","Employer liability",1880,4090,0.0537897310513447,3870,4090,1,0,1,1,1,0,0,0,0,0,40,1934,3,10,1,1834
"Ireland",205,1922,1897,1897,1934,1934,1948,1922,"yes","Employer liability",1880,3196.62790697674,0.0657451529591503,2986.46511627907,2686.23255813953,1,0,1,1,1,0,0,0,0,0,37,1934,7,10,1,1931
"Netherlands",210,1816,1901,1901,1901,NA,1901,1901,"no","Risk-Pooling",1901,4584,0.0942408376963351,4152,3276,1,1,1,1,1,1,0,0,0,0,0,1901,-2,-2,1,1863
"Belgium",211,1830,1903,1903,1903,NA,1903,1903,"no","Risk-Pooling",1903,6155,0.108204711616572,5489,4136,1,1,1,1,1,1,0,0,0,0,0,1903,6,6,1,1944
"Luxembourg",212,1920,1902,1902,1902,NA,1910,1920,"yes","Risk-Pooling",1902,5333.6,0.250037498125094,4000,6668,1,1,1,1,1,1,0,0,0,0,18,1920,7,7,1,1964
"France",220,1816,1894,1894,1894,NA,1894,1894,"no","Risk-Pooling",1928,3738,0.172552166934189,3093,2812,1,1,1,1,1,1,0,0,0,0,34,1928,7,9,1,1848
"Monaco",221,1993,1930,1930,1930,NA,1930,1993,"yes","Risk-Pooling",1930,10004,0.11671331467413,8836.4,6668,0,0,0,1,0,0,0,0,0,0,40,1993,9,9,1,1855
"Liechtenstein",223,1806,1910,1910,1910,NA,1931,1910,"no","Employer liability",1931,2100,0.175104979004199,5500.4,6668,1,1,1,1,1,1,0,0,0,0,21,1931,1,6,1,1982
"Switzerland",225,1816,1911,1911,1911,NA,1911,1911,"no","Risk-Pooling",1911,5595,0.0811438784629133,5141,3342,1,1,1,1,1,1,0,0,0,0,0,1911,10,10,1,1940
"Spain",230,1816,1900,1900,1947,NA,1947,1900,"no","Employer liability",1947,3853,0.0272514923436283,3748,3629,1,0,1,1,1,0,0,0,0,0,40,1947,4,-7,1,1976
"Andorra",232,1993,1966,1966,1966,NA,1966,1993,"yes","Risk-Pooling",1966,11132,0.274074739489759,8081,3564,0,0,0,1,0,0,0,0,1,0,27,1993,5,9,0,1982
"Portugal",235,1816,1913,1913,1913,NA,1913,1913,"no","Risk-Pooling",1913,1660,0.0156626506024096,1634,1258,1,1,1,1,1,1,0,0,0,0,0,1913,7,7,1,1975
"Germany",255,1816,1871,1884,1884,NA,1884,1871,"no","Employer liability",1884,2390,0.18326359832636,1952,2792,1,1,1,1,1,1,0,0,0,0,13,1884,-5,-4,1,1982
"Poland",290,1918,1919,1883,1924,NA,1924,1919,"no","Risk-Pooling",1924,2414.25,0.0841876359117738,2211,2169,1,0,1,1,1,0,0,0,0,1,5,1924,-10,8,1,1864
"Austria",305,1919,1854,1887,1854,NA,1854,1919,"yes","Risk-Pooling",1887,1842.8,0.053668330800955,1743.9,2252,1,1,1,1,1,1,0,0,0,0,40,1919,-6,-4,1,1848
"Hungary",310,1919,1907,1900,1907,NA,1907,1919,"yes","Risk-Pooling",1927,1379,0.116751269035533,1218,928,1,1,1,1,1,1,0,0,0,1,20,1927,-4,-1,1,1956
"Czech Republic",316,1918,1887,1887,1887,NA,1887,1918,"yes","Risk-Pooling",1887,2519.35,0.0821045110842082,2312.5,2312.5,1,1,1,1,1,1,0,0,0,1,34,1921,-4,NA,1,1982
"Slovakia",317,1918,1887,1887,1887,NA,1887,1918,"yes","Risk-Pooling",1887,2519.35,0.0821045110842082,2312.5,2312.5,1,1,1,1,1,1,0,0,0,1,34,1921,-4,NA,1,1982
"Italy",325,1816,1898,1898,1898,NA,1898,1898,"no","Risk-Pooling",1919,2042,0.0798237022526934,1879,1631,1,1,1,1,1,1,0,0,0,0,21,1919,-4,-1,1,1946
"San Marino",331,1992,1983,1983,1983,NA,1983,1992,"yes","Risk-Pooling",1983,18488,0.0929251406317611,16770,3564,0,0,0,1,0,0,0,0,1,0,9,1992,8,9,0,1982
"Malta",338,1964,1929,1929,1929,1929,1956,1964,"yes","Risk-Pooling",1929,1121.76,0.133789758950221,971.68,714.4,0,0,0,1,0,0,0,0,0,0,35,1964,0,8,1,1964
"Albania",339,1914,1947,1947,1947,NA,1947,1947,"no","Risk-Pooling",1947,1462.14285714286,0.0253053248656571,1425.14285714286,770,1,0,0,1,0,0,0,0,0,1,0,1947,-5,-5,1,1982
"Croatia",344,1992,1922,2006,1922,NA,1922,1992,"yes","Risk-Pooling",1937,1220,-1.27540983606557,2776,2694,0,1,1,1,1,1,11,1,0,0,40,1992,-10,-10,1,1982
"Serbia",345,1878,1922,NA,1922,NA,1922,1922,"no","Risk-Pooling",1937,817,0.00699422976044757,811.285714285714,557.5,1,1,1,0,0,0,0,0,0,1,15,1937,7,-9,1,1982
"Slovenia",349,1992,1922,1922,1922,NA,1922,1992,"yes","Risk-Pooling",1937,1220,-1.27540983606557,2776,2694,0,1,1,1,1,1,11,1,0,0,40,1992,-10,-10,1,1982
"Greece",350,1828,1901,1907,1901,1901,1951,1901,"no","Risk-Pooling",1934,1628,-0.181203931203931,1923,1746,1,1,1,1,1,1,0,0,0,0,33,1934,10,10,1,1822
"Cyprus",352,1960,1925,1957,1964,NA,1964,1960,"yes","Employer liability",1953,2293,0.157889228085478,1930.96,1517.2,0,0,0,1,0,0,5,1,0,0,39,1964,-10,8,1,1960
"Bulgaria",355,1908,1906,1924,1909,1909,1924,1906,"no","Employer liability",1918,1927.83333333333,0.0943200484135903,1746,1721.09090909091,1,1,1,1,1,1,11,1,0,1,15,1921,-9,NA,1,1932
"Moldova",359,1991,1973,1991,1993,1973,1993,1993,"yes","Risk-Pooling",1991,3715,0.222423781379835,2888.69565217391,1118.04347826087,0,0,0,1,0,0,11,1,0,1,20,1993,-10,5,1,1982
"Romania",360,1878,1912,1912,1912,NA,1912,1912,"no","Risk-Pooling",1912,886,0.118510158013544,781,662,1,1,1,0,0,0,0,0,0,1,0,1912,-4,-4,1,1963
"Russia",365,1816,1903,1903,1903,1903,1910,1903,"no","Risk-Pooling",1922,2477,0.0799354057327412,2279,1695.42857142857,1,1,1,1,1,1,0,0,0,1,19,1922,-10,-1,1,1982
"Estonia",366,1918,1903,1912,1903,NA,1903,1918,"yes","Risk-Pooling",1924,2477,0.0799354057327412,2279,2694,1,1,1,1,1,1,11,1,0,1,21,1924,-10,10,1,1816
"Latvia",367,1918,1903,1912,1903,NA,1903,1918,"yes","Risk-Pooling",1927,2477,0.0799354057327412,2279,2694,1,1,1,1,1,1,11,1,0,1,24,1927,-10,7,1,1922
"Lithuania",368,1918,1903,1903,1903,NA,1903,1918,"yes","Risk-Pooling",1926,2477,0.0799354057327412,2279,2694,1,1,1,1,1,1,11,1,0,1,23,1926,-10,4,1,1800
"Ukraine",369,1922,1922,1912,1922,NA,1922,1922,"no","Risk-Pooling",1929,1220,-1.27540983606557,2776,2694,1,1,1,1,1,1,0,0,0,1,7,1929,-1,-8,1,1956
"Belarus",370,1991,1922,1903,1922,NA,1922,1991,"yes","Risk-Pooling",1922,1220,-1.27540983606557,2776,2694,0,1,1,1,1,1,11,1,0,1,40,1991,-10,-10,1,1956
"Armenia",371,1918,1922,1955,1922,NA,1922,1922,"no","Risk-Pooling",1922,1220,-1.27540983606557,2776,2694,1,1,1,1,1,1,11,1,0,1,0,1922,-1,-1,1,1982
"Georgia",372,1918,1922,1997,1922,NA,1922,1922,"no","Risk-Pooling",1922,1220,-1.27540983606557,2776,2694,1,1,1,1,1,1,11,1,0,1,0,1922,-1,-1,1,1982
"Azerbaijan",373,1918,1922,1956,1922,NA,1922,1922,"no","Risk-Pooling",1958,1220,-1.27540983606557,2776,2694,1,1,1,1,1,1,11,1,0,1,36,1958,-1,-7,1,1982
"Finland",375,1917,1895,1895,1895,NA,1895,1917,"yes","Risk-Pooling",1918,1622,0.127620221948212,1415,1255,1,1,1,1,1,1,0,0,0,0,23,1918,-10,-6,1,1936
"Sweden",380,1816,1901,1901,1916,NA,1916,1901,"no","Employer-liability",1904,3550,0.21830985915493,2775,2118,1,1,1,1,1,1,0,0,0,0,15,1916,-4,6,1,1827
"Norway",385,1905,1894,1894,1894,NA,1894,1905,"yes","Risk-Pooling",1894,3312,0.165458937198068,2764,2558,1,1,1,1,1,1,0,0,0,0,11,1905,-2,10,1,1827
"Denmark",390,1816,1898,1898,1898,NA,1898,1898,"no","Risk-Pooling",1898,4068,0.122664700098328,3569,2975,1,1,1,1,1,1,0,0,0,0,0,1898,-3,-3,1,1803
"Iceland",395,1918,1917,1903,1925,NA,1917,1917,"no","Risk-Pooling",1917,4443.85,0.200918122798924,3551,3551,1,0,1,1,1,0,0,0,0,0,8,1925,-6,10,1,1958
"Cape Verde",402,1975,1960,1960,1978,NA,1978,1975,"yes","Employer liability",1960,1284,0.0794392523364486,1182,627.6,0,0,0,1,0,0,7,1,1,0,18,1978,-10,-4,0,1979
"Sao Tome and Principe",403,1975,1979,1979,1979,NA,2014,1979,"no","Risk-Pooling",1979,3166,0.347757422615287,2065,628.4,0,0,0,1,0,0,7,1,1,0,0,1979,6,6,0,1982
"Guinea-Bissau",404,1974,1960,NA,1980,NA,1980,1974,"yes","Risk-Pooling",1980,841,0.317479191438763,574,98,0,0,0,0,0,0,7,1,1,0,20,1980,-10,-7,0,1977
"Equatorial Guinea",411,1968,1947,1947,1965,1965,1984,1968,"yes","Employer liability",1965,782.14,0.148745748842918,665.8,167.2,0,0,0,0,0,0,2,1,1,0,21,1968,-10,-10,0,1982
"Gambia",420,1965,1942,1940,1990,NA,1990,1965,"yes","Employer liability",1990,1536.52,0.166558196443912,1280.6,366.6,0,0,0,1,0,0,5,1,1,0,40,1990,-10,7,0,1982
"Mali",432,1960,1926,1932,1962,NA,1962,1960,"yes","Employer liability",1926,897.28,0.119204707560628,790.32,652.8,0,0,0,0,0,0,6,1,1,0,36,1962,-10,-7,0,1960
"Senegal",433,1960,1926,1932,1973,1973,NA,1960,"yes","Employer liability",1927,1449,0.176328502415459,1193.5,865,0,0,0,1,0,0,6,1,1,0,40,1973,-10,-7,0,1960
"Benin",434,1960,1959,1959,1998,1998,2003,1959,"no","Employer liability",1960,1224,0.00898692810457516,1213,646,0,0,0,1,0,0,6,1,1,1,39,1998,-10,6,0,1960
"Mauritania",435,1960,1926,1932,1967,1967,NA,1960,"yes","Employer liability",1928,544.4,0.1208670095518,478.6,394,0,0,0,0,0,0,6,1,1,0,40,1967,-10,-7,0,1961
"Niger",436,1960,1961,1961,1965,NA,1965,1961,"no","Employer liability ",1965,1421,0.140745953553835,1221,230.4,0,0,0,1,0,0,6,1,1,0,4,1965,-10,-7,0,1961
"Ivory Coast",437,1960,1925,1957,1964,NA,1964,1960,"yes","Employer liability",1957,1468.5,0.0511950970377937,1393.32,1307.4,0,0,0,1,0,0,6,1,1,0,39,1964,-10,-9,0,1960
"Guinea",438,1958,1926,1932,1960,NA,1960,1958,"yes","Employer liability",1929,635.92,0.268807397156875,464.98,245.2,0,0,0,0,0,0,6,1,1,0,34,1960,-10,-9,0,1959
"Burkina Faso",439,1960,1926,1959,2006,NA,2006,1960,"yes","Employer liability",1926,956.56,0.128502132641967,833.64,675.6,0,0,0,0,0,0,6,1,1,0,40,2006,-10,0,0,1960
"Liberia",450,1862,1943,1943,1980,NA,1980,1943,"no","Employer liability",1961,724.46,0.0504375672915,687.92,552.2,1,0,0,0,0,0,0,0,1,0,37,1980,-6,-6,0,1821
"Sierra Leone",451,1961,1940,1939,2001,2001,NA,1961,"yes","Employer liability",1954,1505.6,0.116883634431456,1329.62,751.4,0,0,0,1,0,0,5,1,1,0,40,2001,-10,0,0,1928
"Ghana",452,1957,1940,1940,2018,NA,NA,1957,"yes","Employer liability",1965,2131.18918918919,0.0626727876835671,1997.62162162162,1072.6511627907,0,1,0,1,0,0,5,1,1,0,NA,NA,-10,NA,0,1874
"Togo",461,1960,1964,1964,1964,1964,1973,1964,"no","Risk-Pooling",1964,1280,0.21171875,1009,581.4,0,0,0,1,0,0,6,1,1,0,0,1964,-6,-6,0,1960
"Cameroon",471,1960,1959,1944,1960,NA,1959,1959,"no","Risk-Pooling",1959,1055,0.145023696682464,902,172.8,0,0,0,1,0,0,6,1,1,0,1,1960,-10,-10,0,1960
"Nigeria",475,1960,1941,1942,1987,NA,1987,1960,"yes","Employer liability",1950,1322.46,0.106180905282579,1182.04,700.6,0,0,0,1,0,0,5,1,1,0,40,1987,-10,-7,0,1960
"Gabon",481,1958,1935,1935,1975,NA,1975,1958,"yes","Employer liability",NA,2927.6,0.165842328186911,2442.08,1193.6,0,0,0,1,0,0,6,1,1,0,NA,NA,-10,NA,0,1848
"Central African Republic",482,1958,1935,1935,2006,NA,2006,1958,"yes","Employer liability",NA,814.4,0.19975442043222,651.72,233.4,0,0,0,0,0,0,6,1,1,0,NA,NA,-10,NA,0,1960
"Chad",483,1958,1935,1935,1970,NA,1970,1958,"yes","Employer liability",NA,1018,0.101768172888016,914.4,648,0,0,0,1,0,0,6,1,1,0,NA,NA,-10,NA,0,1960
"Congo",484,1958,1928,1962,1957,NA,1957,1958,"yes","Employer liability",1957,881.36,0.108173731505855,786.02,636.2,0,0,0,0,0,0,6,1,1,1,30,1958,-10,-10,0,1960
"Democratic Republic of the Congo",490,1960,1949,1949,1949,1949,1961,1960,"yes","Risk-Pooling",1949,1650.52,0.0995807381916003,1486.16,734.8,0,0,0,1,0,0,8,1,1,0,11,1960,-10,-10,0,1960
"Uganda",500,1962,1946,1946,1969,NA,1969,1962,"yes","Employer liability",1946,1130.2,0.0848522385418509,1034.3,637,0,0,0,1,0,0,5,1,1,0,23,1969,-10,-6,0,1963
"Kenya",501,1963,1940,1946,1974,NA,1974,1963,"yes","Employer liability",1949,1097.8,0.174840590271452,905.86,275.2,0,0,0,1,0,0,5,1,1,0,34,1974,-10,-7,0,1964
"Tanzania",510,1961,1948,1948,1965,NA,1965,1961,"yes","Employer liability",1948,1232.48,0.0866707776191096,1125.66,652.6,0,0,0,1,0,0,5,1,1,0,17,1965,-10,-6,0,1962
"Burundi",516,1962,1949,1949,1949,1949,NA,1962,"yes","Risk-Pooling",1949,774.22,0.142672625351967,663.76,158.8,0,0,0,0,0,0,8,1,1,0,13,1962,-10,-10,0,1963
"Rwanda",517,1962,1949,1949,1950,1950,NA,1962,"yes","Risk-Pooling",1950,594.88,0.142616998386229,510.04,122.2,0,0,0,0,0,0,8,1,1,0,13,1962,-10,-10,0,1982
"Somalia",520,1960,1972,NA,2018,NA,NA,1972,"no","Employer liability",1972,1055.55172413793,0.0971301166247429,953.025862068965,147.465517241379,0,1,0,1,0,0,3,1,1,1,NA,NA,-7,NA,0,1960
"Djibouti",522,1977,1957,1957,2002,NA,2002,1977,"yes","Employer liability",1957,4733,0.100993027678005,4255,1251,0,0,0,1,0,0,6,1,1,0,40,2002,-10,2,0,1978
"Ethiopia",530,1816,1962,1963,1980,NA,2011,1962,"no","Employer liability",2011,788,0.0875634517766497,719,533,1,0,0,0,0,0,0,0,1,1,40,2011,-9,-3,0,1942
"Angola",540,1975,1990,1990,1990,2004,NA,1990,"no","Risk-Pooling",1990,2400,-0.0258333333333333,2462,433.666666666667,0,0,0,1,0,0,7,1,1,1,0,1990,-7,-7,0,1976
"Mozambique",541,1975,1957,1957,2018,NA,NA,1975,"yes","Employer liability",1957,512,0.08984375,466,94,0,1,0,0,0,0,7,1,1,1,NA,NA,-10,NA,0,1982
"Zambia",551,1964,1929,1929,1945,NA,1945,1964,"yes","Employer liability",1945,814.36,0.0931774645120093,738.48,608.4,0,0,0,0,0,0,5,1,1,0,35,1964,-10,-10,0,1964
"Zimbabwe",552,1965,1920,1922,1934,NA,1934,1965,"yes","Employer liability",1920,1086.8,0.188976812661023,881.42,793.4,0,0,1,1,1,0,5,1,1,0,40,1965,-10,-10,0,1982
"Malawi",553,1964,1946,1946,1953,NA,1953,1964,"yes","Employer liability",1946,874.44,0.0651617034902338,817.46,581.4,0,0,0,0,0,0,5,1,1,0,18,1964,-10,-10,0,1982
"South Africa",560,1910,1914,1914,1934,NA,1934,1914,"no","Employer liability",1941,2409,-0.577002905770029,3799,2996,1,0,1,1,1,0,5,1,1,0,27,1941,4,4,0,1982
"Namibia",565,1990,1924,1941,1941,1941,1994,1990,"yes","Employer liability",1994,1823.84,0.211707167295377,1437.72,1051.6,0,0,0,1,0,0,5,1,1,0,40,1994,-10,6,0,1982
"Lesotho",570,1966,1977,1977,1977,NA,1977,1977,"no","Employer liability ",1977,1230,0.350406504065041,799,415,0,0,0,1,0,0,5,1,1,0,0,1977,-7,-7,0,1966
"Botswana",571,1966,1936,1936,1998,NA,1998,1966,"yes","Employer liability",1952,1107.68,0.106673407482305,989.52,668.8,0,0,0,1,0,0,5,1,1,0,40,1998,-10,7,0,1966
"Swaziland",572,1968,1963,1963,1983,NA,1983,1968,"yes","Employer liability",1963,1281,0.358313817330211,822,762,0,0,0,1,0,0,5,1,1,0,20,1983,-10,-10,0,1978
"Madagascar",580,1960,1925,1925,1968,NA,1968,1960,"yes","Employer liability",1968,723.5,0.0864961990324811,660.92,589.4,0,0,0,0,0,0,6,1,1,0,40,1968,-10,-1,0,1960
"Comoros",581,1975,1946,NA,2006,NA,2006,1975,"yes","Employer liability",1959,798.64,0.151983371731944,677.26,174.4,0,0,0,0,0,0,6,1,1,0,40,2006,-10,6,0,1978
"Mauritius",590,1968,1931,1931,1976,NA,1976,1968,"yes","Employer liability",1931,2169.04,0.173754287611109,1792.16,1038.4,0,0,0,1,0,0,5,1,1,0,40,1976,-10,9,0,1968
"Seychelles",591,1976,1970,1970,1987,NA,1987,1976,"yes","Employer liability",1987,6319,0.146858680170913,5391,1386.4,0,0,0,1,0,0,5,1,1,0,17,1987,-10,4,0,1978
"Morocco",600,1956,1927,1927,1927,NA,1927,1956,"yes","Risk-Pooling",1927,1848.56756756757,0.142155357691127,1585.78378378378,1112.72093023256,0,0,0,1,0,0,6,1,1,0,29,1956,-10,-10,0,1957
"Algeria",615,1962,1919,1919,1949,NA,1949,1962,"yes","Employer liability",1949,3375,0.259259259259259,2500,933.333333333333,0,0,1,1,1,0,6,1,1,0,40,1962,-10,-10,0,1962
"Tunisia",616,1956,1921,1921,1957,NA,1957,1956,"yes","Employer liability",1957,1354.86486486486,0.0470576501097147,1291.10810810811,1003.41860465116,0,0,1,1,1,0,6,1,0,0,36,1957,-10,-10,1,1846
"Libya",620,1951,1923,1958,1957,NA,1923,1951,"yes","Risk-Pooling",1957,1908.96,0.144916603805213,1632.32,1395.2,0,0,0,1,0,0,3,1,0,0,34,1957,-10,-7,1,1961
"Sudan",625,2011,1908,1947,1974,NA,1974,2011,"yes","Employer liability",1949,703.2,0.252844141069397,525.4,754,0,0,1,0,0,0,5,1,1,0,40,2011,-10,-4,0,1957
"South Sudan",626,2011,1908,NA,1974,NA,1974,2011,"yes","Employer liability",1949,703.2,0.252844141069397,525.4,754,0,0,1,0,0,0,5,1,1,0,40,2011,-10,-10,0,1957
"Iran",630,1855,1936,1936,1943,NA,1943,1936,"no","Employer liability",1943,2059.08108108108,0.123579135274197,1804.62162162162,988.162790697674,1,0,0,1,0,0,0,0,0,0,7,1943,-7,-1,1,1928
"Turkey",640,1816,1923,1945,1923,1923,1936,1923,"no","Risk-Pooling",1936,975,-0.321025641025641,1288,1540.06976744186,1,0,0,0,0,0,0,0,0,0,13,1936,0,-7,1,1982
"Iraq",645,1932,1936,1936,1964,NA,1964,1936,"no","Employer liability",1936,2215.72972972973,0.136359200800176,1913.59459459459,988.162790697674,0,0,0,1,0,0,5,1,0,0,28,1964,-4,-5,1,1924
"Egypt",651,1922,1936,1936,1936,NA,1946,1936,"no","Employer liability",1936,1839.97297297297,0.0388666108491604,1768.45945945946,1252.74418604651,1,0,0,1,0,0,5,1,1,0,0,1936,-2,-2,0,1955
"Syria",652,1946,1943,1959,1959,NA,1959,1946,"yes","Employer liability",1946,2419.16216216216,0.0416829592554939,2318.32432432432,1494.3023255814,0,0,0,1,0,0,6,1,0,0,16,1959,-10,7,1,1960
"Lebanon",660,1946,1943,1943,1963,NA,1963,1946,"yes","Employer liability",1966,4976.81081081081,0.129438150992169,4332.62162162162,1629.67441860465,0,0,0,1,0,0,6,1,0,0,23,1966,0,2,1,1946
"Jordan",663,1946,1960,1978,1980,NA,1980,1960,"no","Employer liability ",1984,2623,0.209302325581395,2074,1176.51162790698,0,0,0,1,0,0,5,1,0,0,24,1984,-9,-10,1,1966
"Israel",666,1948,1953,1953,1953,NA,1953,1953,"no","Risk-Pooling",1953,4223,0.0839687426000473,3868.4,4634,0,0,0,1,0,0,0,0,0,0,0,1953,10,10,1,1955
"Saudi Arabia",670,1816,1969,1969,1980,NA,1969,1969,"no","Risk-Pooling",1969,15152,0.4014651531151,9069,823.372093023256,1,0,0,1,0,0,0,0,1,0,11,1980,-10,-10,0,1962
"Yemen",679,1990,1991,1991,1991,NA,1991,1991,"no","Risk-Pooling",1991,2660,-0.0541353383458647,2804,611,0,0,0,1,0,0,5,1,0,0,0,1991,-5,-5,1,1962
"Kuwait",690,1961,1976,1976,1976,NA,1976,1976,"no","Risk-Pooling",1976,90904,-0.0164885483587081,92402.875,894.736842105263,0,0,0,1,0,0,5,1,0,0,0,1976,-8,-8,1,1960
"Bahrain",692,1971,1976,1976,1976,NA,1976,1976,"no","Risk-Pooling",1976,20813,0.328641439759491,13972.9857142857,2880.14285714286,0,0,0,1,0,0,5,1,0,0,0,1976,-7,-7,1,1981
"Qatar",694,1971,2004,2004,2018,NA,NA,2004,"no","Employer liability",2004,96865,0.648706963299437,34028,500,0,1,0,1,0,0,5,1,0,0,NA,NA,-10,NA,1,1952
"United Arab Emirates",696,1971,1980,NA,2018,NA,NA,1980,"no","Employer liability",1980,61384.2424242424,0.235964219422614,46899.7575757576,812.5,0,1,0,1,0,0,5,1,0,0,NA,NA,-8,NA,1,1963
"Oman",698,1971,1977,1977,1977,NA,1977,1977,"no","Risk-Pooling",1977,10756,0.261063592413537,7948,1060.8,0,0,0,1,0,0,5,1,0,0,0,1977,-10,-10,1,1970
"Afghanistan",700,1919,1946,1946,1987,NA,1987,1946,"no","Employer liability",1946,2280.64,0.0854496983302933,2085.76,1278.4,1,0,0,1,0,0,0,0,0,1,40,1987,-8,-5,1,1923
"Turkmenistan",701,1991,1995,1995,1995,NA,1995,1995,"no","Risk-Pooling",1995,3024,-1.23611111111111,6762,5125.26086956522,0,0,0,1,0,0,0,0,0,1,0,1995,-9,-9,1,1982
"Tajikistan",702,1991,1989,NA,1997,1989,1997,1991,"yes","Risk-Pooling",1989,5240,-0.108015267175573,5806,5082.30434782609,0,0,0,1,0,0,0,0,0,1,8,1997,-7,-6,1,1982
"Kyrgyzstan",703,1991,1922,1922,1922,NA,1922,1991,"yes","Risk-Pooling",1922,1220,-1.27540983606557,2776,2694,0,1,1,1,1,1,11,1,0,1,40,1991,-1,-4,1,1982
"Uzbekistan",704,1991,1993,1997,2005,NA,2005,1993,"no","Employer liability",1993,3839,-0.17686897629591,4518,3100.69565217391,0,0,0,1,0,0,0,0,0,1,12,2005,-9,-9,1,1982
"Kazakhstan",705,1991,1955,1955,2005,NA,2005,1991,"yes","Employer liability",1991,6431.52173913043,0.245901639344262,4850,5286.30434782609,0,0,0,1,0,0,0,0,0,1,40,2005,-7,-6,1,1982
"China",710,1860,1951,1951,1951,1951,2010,1951,"no","Risk-Pooling",2004,899,0.0422691879866518,861,756.294117647059,1,0,0,0,0,0,0,0,0,1,40,2004,-8,-7,1,1979
"Mongolia",712,1911,1994,NA,1994,NA,1994,1994,"no","Risk-Pooling",1994,1867,-0.313336904124264,2452,533.8,1,0,0,1,0,0,0,0,0,1,0,1994,9,9,1,1982
"Taiwan",713,1949,1958,1950,1958,NA,1958,1958,"no","Risk-Pooling",1958,2016,0.283234126984127,1445,950.75,0,0,0,1,0,0,0,0,NA,0,0,1958,8,8,1,1948
"North Korea",731,1948,1938,1953,1938,NA,1938,1948,"yes","Risk-Pooling",2000,536.756756756757,0.0948136958710976,485.864864864865,272.116279069767,0,0,0,0,0,0,0,0,0,1,40,2000,-10,-10,1,1982
"South Korea",732,1948,1938,1953,1938,NA,1938,1948,"yes","Risk-Pooling",2000,1266,0.343601895734597,831,520.731707317073,0,0,0,1,0,0,0,0,0,0,40,2000,-10,8,1,1930
"Japan",740,1860,1905,1905,1931,NA,1931,1905,"no","Employer liability",1947,1545,-0.0796116504854369,1668,1153,1,0,1,1,1,0,0,0,0,0,40,1947,1,2,1,1946
"India",750,1947,1923,1923,1948,NA,1948,1947,"yes","Employer liability",1923,1391,-0.0294751976994968,1432,943,0,0,0,1,0,0,5,1,0,0,25,1948,-10,-10,1,1860
"Bhutan",760,1971,1979,1994,2018,NA,NA,1979,"no","Employer liability",2007,2055,0.17323600973236,1699,1406,0,1,0,1,0,0,5,1,0,0,NA,NA,-10,NA,1,1958
"Pakistan",770,1947,1923,1923,1962,NA,1962,1947,"yes","Employer liability",1923,1097.06,0.0269265126793429,1067.52,1042.2,0,0,0,1,0,0,5,1,0,0,39,1962,-10,-7,1,1957
"Bangladesh",771,1971,1923,1923,2006,2006,NA,1971,"yes","Employer liability",1923,1051.06,0.0147850741156546,1035.52,1022.2,0,0,0,1,0,0,5,1,0,0,40,2006,-10,6,1,1972
"Myanmar",775,1948,1934,1923,1954,NA,1954,1948,"yes","Employer liability",1923,1211,0.0379851362510322,1165,794.387096774194,0,0,0,1,0,0,5,1,0,0,20,1954,-10,8,1,1955
"Sri Lanka",780,1948,1934,1934,1954,NA,1954,1948,"yes","Employer liability",1923,1466,-0.00136425648021828,1468,967,0,0,0,1,0,0,5,1,0,0,20,1954,-10,7,1,1950
"Nepal",790,1816,1959,1959,2017,2017,NA,1959,"no","Employer liability",2017,683,0.140556368960469,587,488.441860465116,1,0,0,0,0,0,0,0,1,0,NA,NA,-4,NA,0,1926
"Thailand",800,1816,1972,1972,1972,1972,NA,1972,"no","Risk-Pooling",1998,2329,0.280807213396307,1675,809,1,0,0,1,0,0,0,0,0,0,26,1998,2,9,1,1912
"Cambodia",811,1953,1936,NA,1997,NA,1997,1953,"yes","Employer liability",1936,538.16,0.0137877211238293,530.74,510.6,0,0,0,0,0,0,6,1,0,1,40,1997,-10,1,1,1969
"Laos",812,1953,1936,1999,1999,NA,1999,1953,"yes","Employer liability",1936,587.12,0.0288527047281647,570.18,524.2,0,0,0,0,0,0,6,1,0,1,40,1999,-10,-7,1,1964
"Vietnam",817,1953,1936,1947,1994,NA,1994,1953,"yes","Employer liability",1936,925.1891892,-0.0190172937658447,942.7837838,752.7674419,0,0,0,0,0,0,6,1,NA,0,40,1994,-10,-7,1,1956
"Malaysia",820,1957,1932,1969,1963,NA,1963,1957,"yes","Employer liability",1952,2389,0.140226035998326,2054,1190.56097560976,0,0,0,1,0,0,5,1,0,0,31,1963,-10,10,1,1957
"Singapore",830,1965,1932,1933,1975,NA,1975,1965,"yes","Employer liability",1975,1335,-0.664419475655431,2222,1149.33333333333,0,0,0,1,0,0,5,1,0,0,40,1975,-10,-2,1,1965
"Brunei",835,1984,1932,1957,1957,NA,1957,1984,"yes","Employer liability",1984,3108,0.183558558558559,2537.5,1315,0,0,0,1,0,0,5,1,0,0,40,1984,-10,-10,1,1951
"Philippines",840,1946,1927,1928,1946,NA,1946,1946,"yes","Risk-Pooling",1927,1672,0.0562200956937799,1578,790.086956521739,0,0,0,1,0,0,4,1,0,0,19,1946,-10,2,1,1982
"Indonesia",850,1949,1939,1951,1992,NA,1992,1949,"yes","Employer liability",1951,1511,0.0939774983454666,1369,982,0,0,0,1,0,0,1,1,0,0,40,1992,-10,-7,1,1950
"Australia",900,1901,1910,1911,1926,NA,1934,1910,"no","Employer liability",1926,8117,0.240482937045707,6165,5842,1,0,1,1,1,0,0,0,1,0,16,1926,10,10,0,1932
"Papua New Guinea",910,1975,1947,1958,2018,NA,NA,1975,"yes","Employer liability",1978,1865,0.129758713136729,1623,1141,0,1,0,1,0,0,10,1,1,0,NA,NA,-10,NA,0,1974
"New Zealand",920,1907,1900,1900,1956,NA,1956,1907,"yes","Employer liability",1900,5942,0.118646920228879,5237,5179,1,0,1,1,1,0,0,0,0,0,40,1956,10,10,1,1840
"Vanuatu",935,1981,1983,NA,2018,NA,NA,1983,"no","Employer liability",1983,2487,0.156815440289505,2097,615.102040816327,0,1,0,1,0,0,9,1,1,0,NA,NA,-10,NA,0,1982
"Solomon Islands",940,1978,1952,1952,1952,1952,NA,1978,"yes","Risk-Pooling",1952,579,0.0540587219343695,547.7,510.6,0,0,0,0,0,0,5,1,0,0,26,1978,-10,-10,1,1982
"Kiribati",946,1975,1949,1949,1949,NA,1949,1975,"yes","Risk-Pooling",1949,595.166666666667,-0.4724166900028,876.333333333333,838.8,0,0,0,0,0,0,5,1,1,0,26,1975,-10,-10,0,1982
"Fiji",950,1970,1940,1965,1940,2017,NA,1970,"yes","Employer liability",1940,960.408163265306,0.083892902677433,879.836734693878,615.102040816327,0,0,0,0,0,0,5,1,0,0,30,1970,-10,-10,1,1974
"Marshall Islands",983,1986,1991,NA,1991,NA,1991,1991,"no","Risk-Pooling",1991,3363,0.239964317573595,2556,615.102040816327,0,0,0,1,0,0,4,1,0,0,0,1991,8,8,1,1979
"Palau",986,1994,1987,NA,1987,NA,1987,1994,"yes","Risk-Pooling",2010,2628,0.0190258751902588,2578,615.102040816327,0,0,0,1,0,0,4,1,0,0,23,2010,4,8,1,1982
"Federated States of Micronesia",987,1986,1968,NA,1982,NA,1982,1986,"yes","Employer liability",1982,1154,-0.366551126516464,1577,615.102040816327,0,0,0,1,0,0,4,1,0,0,18,1986,-10,-10,1,1975
"Samoa",990,1962,1960,1960,1978,NA,1978,1960,"no","Employer liability",1978,1475,0.0983050847457627,1330,615.102040816327,0,0,0,1,0,0,5,1,1,0,18,1978,-10,6,0,1982
